{
   "map_id" : 0,
   "map_name" : "",
   "type" : 2,
   "wall_id" : 1,
   "wall_name" : "jim",
   "wall_poses" : [
      {
         "x" : 278.464020,
         "y" : 335.605440,
         "z" : 0.0
      },
      {
         "x" : 299.03310,
         "y" : 332.145780,
         "z" : 0.0
      },
      {
         "x" : 292.263120,
         "y" : 342.424260,
         "z" : 0.0
      }
   ]
}
